EDT,Max TemperatureF,Mean TemperatureF,Min TemperatureF,Max Dew PointF,MeanDew PointF,Min DewpointF,Max Humidity, Mean Humidity, Min Humidity, Max Sea Level PressureIn, Mean Sea Level PressureIn, Min Sea Level PressureIn, Max VisibilityMiles, Mean VisibilityMiles, Min VisibilityMiles, Max Wind SpeedMPH, Mean Wind SpeedMPH, Max Gust SpeedMPH,PrecipitationIn, CloudCover, Events, WindDirDegrees
3/12/10,66,64,62,65,63,61,100,96,90,29.77,29.69,29.6,10,7,1,16,6,22,1.08,7,Rain-Thunderstorm,177
3/13/10,71,64,57,61,51,38,96,68,32,29.76,29.69,29.62,10,10,3,25,13,34,0.09,2,Rain,263
3/14/10,72,64,55,49,45,40,77,56,32,29.89,29.83,29.76,10,10,10,28,13,36,0,1,,275
3/15/10,73,62,53,54,48,42,93,65,37,29.99,29.89,29.84,10,10,10,23,12,36,0,0,,276
3/16/10,66,58,51,50,43,39,86,62,40,30.05,30.01,29.95,10,10,10,10,7,,0,0,,340
3/17/10,69,61,54,51,49,45,86,70,45,30.05,29.98,29.89,10,10,10,15,5,,0,4,,301
3/18/10,64,58,53,51,48,43,89,71,48,29.99,29.94,29.9,10,10,10,17,10,26,0,7,Rain,284
3/19/10,73,62,50,51,44,33,93,58,29,30.12,30.07,30.02,10,10,6,12,7,16,0,0,,316
3/20/10,75,60,48,54,47,41,90,60,34,30.14,30.1,30.07,10,10,8,10,3,,0,0,,154
3/21/10,71,64,57,65,60,54,100,87,68,30.07,29.96,29.87,10,8,0,18,9,29,1.45,6,Fog-Rain-Thunderstorm,193
3/22/10,70,62,54,54,50,46,93,72,42,30.02,29.98,29.93,10,10,9,22,10,29,0.01,4,Rain,250
3/23/10,72,63,55,51,46,41,78,60,37,30.12,30.05,30,10,10,10,14,11,24,0,4,,287
3/24/10,75,62,50,55,49,43,93,65,33,30.18,30.12,30.07,10,9,5,13,3,,0,0,,107
3/25/10,79,68,57,63,58,53,96,72,43,30.11,30.01,29.91,10,8,1,15,6,37,0.4,3,Fog-Rain-Thunderstorm,189
3/26/10,81,71,62,65,59,40,100,77,24,29.99,29.87,29.81,10,10,4,20,10,24,0.09,4,Rain-Thunderstorm,253
3/27/10,79,67,55,60,55,52,90,67,39,30.12,30.06,29.98,10,10,10,18,9,24,0,1,,57
3/28/10,75,68,61,66,62,58,100,90,62,30.09,29.97,29.88,10,7,0,17,9,23,0.39,5,Fog-Rain-Thunderstorm,97
3/29/10,75,65,57,65,59,45,100,85,41,29.88,29.77,29.69,10,7,2,23,8,32,0.81,6,Rain,239
3/30/10,73,63,53,51,42,35,90,53,26,30.06,29.99,29.91,10,10,10,17,10,25,0,0,,280
3/31/10,78,65,53,52,46,39,89,57,25,30.17,30.11,30.07,10,10,10,12,5,17,0,0,,306
4/1/10,82,68,55,56,52,47,97,62,30,30.2,30.14,30.08,10,9,4,10,4,,0,0,,26
4/2/10,82,70,57,60,57,53,93,69,38,30.15,30.11,30.06,10,10,6,16,3,20,0,0,,110
4/3/10,82,70,59,62,57,50,96,71,32,30.13,30.1,30.06,10,9,2,12,4,,0,0,,107
4/4/10,82,70,57,64,60,54,100,83,39,30.21,30.16,30.11,10,6,0,13,2,21,0.01,1,Fog,86
4/5/10,82,71,61,61,58,55,97,71,41,30.27,30.22,30.19,10,10,9,13,3,17,0,0,,107
4/6/10,82,70,57,61,58,56,97,70,42,30.21,30.16,30.09,10,10,10,15,5,,0.01,0,,129
4/7/10,82,71,60,65,59,56,93,68,41,30.12,30.07,30.01,10,10,10,14,6,22,0,0,,161
4/8/10,84,75,66,66,62,54,96,72,37,30.05,29.98,29.89,10,10,10,15,8,21,0,3,,203
4/9/10,82,73,63,68,60,37,94,71,20,30.16,30.01,29.87,10,10,7,17,10,23,0.04,4,Rain,273
4/10/10,77,68,60,57,53,49,84,59,40,30.29,30.23,30.16,10,10,10,16,8,20,0,0,,55
4/11/10,80,72,64,61,58,54,84,66,44,30.25,30.2,30.15,10,10,10,16,8,22,0,2,,56
4/12/10,78,70,63,63,59,54,93,70,46,30.19,30.15,30.12,10,10,9,22,9,29,0,2,,35
4/13/10,81,72,64,67,62,59,90,74,52,30.24,30.18,30.14,10,10,9,21,9,29,0.09,4,,53
4/14/10,79,70,63,64,58,55,93,69,45,30.32,30.28,30.22,10,10,10,24,10,29,0,1,,60
4/15/10,79,70,64,63,60,57,90,73,50,30.32,30.27,30.24,10,10,10,20,8,28,0,2,,40
4/16/10,80,70,62,62,58,52,97,70,42,30.26,30.17,30.08,10,10,8,15,8,22,0,1,,81
4/17/10,80,70,60,62,59,55,96,69,42,30.09,30.02,29.93,10,10,10,10,3,,0,3,,136
4/18/10,75,68,64,66,64,62,97,85,66,29.96,29.93,29.9,10,9,4,8,2,,0.24,6,Rain,107
4/19/10,80,71,63,66,63,59,100,85,50,29.99,29.94,29.91,10,8,3,13,4,17,0.22,5,Rain,16
4/20/10,81,71,62,65,62,55,100,83,42,30.02,29.96,29.92,10,7,0,14,3,,0.06,4,Fog-Rain,64
4/21/10,82,72,63,65,61,55,100,73,41,29.94,29.89,29.82,10,9,2,12,6,16,0.34,4,Rain-Thunderstorm,255
4/22/10,82,73,64,63,57,50,93,63,34,30.01,29.94,29.88,10,10,8,13,7,,0,1,,301
4/23/10,84,74,63,64,60,57,87,64,40,30.06,30.01,29.96,10,10,9,16,5,17,0,0,,158
4/24/10,87,76,64,67,63,57,93,68,39,30.06,30,29.94,10,10,9,16,8,23,0,0,,157
4/25/10,87,77,68,72,68,65,96,81,51,29.91,29.81,29.72,10,9,1,29,12,43,0.82,5,Rain-Thunderstorm,195
4/26/10,84,75,66,67,62,49,100,75,35,29.77,29.68,29.59,10,9,1,21,11,29,1.11,4,Rain-Thunderstorm,230
4/27/10,84,74,64,61,56,48,87,55,31,29.86,29.8,29.75,10,10,10,18,13,29,0,0,,269
4/28/10,75,68,60,60,44,39,71,43,29,30.07,29.98,29.87,10,10,10,15,10,22,0,0,,312
4/29/10,82,70,57,64,54,48,81,60,31,30.12,30.05,29.99,10,10,10,14,5,20,0,1,,153
4/30/10,82,74,66,69,66,64,90,75,58,30.07,30.02,29.97,10,10,10,16,10,21,0,3,,137
5/1/10,89,79,69,73,71,68,96,77,53,30.06,30.02,29.96,10,10,10,15,9,22,0,1,,149
5/2/10,91,81,71,72,69,61,97,76,38,30.09,30.04,30,10,10,8,15,10,22,0,1,,153
5/3/10,91,81,71,73,71,69,100,77,50,30.09,30.05,29.99,10,10,8,17,9,23,0,4,,167
5/4/10,91,82,75,75,72,66,100,76,45,30.06,29.99,29.91,10,10,8,16,8,17,0,3,,207
5/5/10,88,80,75,74,72,70,94,81,59,30.02,29.96,29.91,10,9,2,18,6,24,0.37,4,Rain-Thunderstorm,257
5/6/10,89,80,73,74,71,61,96,83,57,30.04,29.99,29.93,10,8,1,13,3,,0.56,3,Rain,234
5/7/10,91,81,71,73,70,63,100,76,41,30.08,30.04,30,10,9,5,9,4,,0.01,2,,245
5/8/10,90,82,73,72,69,63,93,69,40,30.08,30.04,29.99,10,10,7,16,6,23,0,1,,277
5/9/10,86,77,69,72,64,55,90,67,36,30.17,30.1,30.03,10,10,8,16,11,21,0,0,,5
5/10/10,82,74,66,65,63,60,93,70,50,30.23,30.18,30.13,10,10,10,16,9,22,0,1,,73
5/11/10,84,74,66,66,64,62,90,74,54,30.25,30.21,30.16,10,10,10,17,8,22,0,2,,100
5/12/10,84,74,66,66,65,63,93,73,58,30.25,30.21,30.17,10,10,10,14,7,16,0,2,,107
5/13/10,84,75,66,67,65,64,93,73,51,30.28,30.22,30.17,10,10,10,14,6,17,0,1,,106
5/14/10,87,76,68,68,65,63,93,72,48,30.28,30.25,30.22,10,10,10,14,8,28,0,0,,103
5/15/10,89,77,66,69,67,64,97,73,45,30.23,30.17,30.12,10,10,10,13,7,20,0,0,,116
5/16/10,90,78,69,72,69,62,100,81,42,30.15,30.09,30.01,10,9,1,20,6,31,0.32,2,Rain-Thunderstorm,151
5/17/10,86,77,70,75,72,68,100,89,61,30.08,30.01,29.96,10,9,2,16,8,22,0.29,4,Rain-Thunderstorm,176
5/18/10,91,80,71,72,70,63,100,78,40,30.01,29.96,29.89,10,9,6,12,5,,0,3,,240
5/19/10,89,80,73,72,68,65,93,68,49,29.98,29.95,29.91,10,10,8,13,3,,0,0,,222
5/20/10,91,82,73,74,69,64,91,69,42,30.05,29.98,29.94,10,10,8,12,3,,0,1,,108
5/21/10,91,82,73,74,70,65,96,74,46,30.09,30.04,30.01,10,9,6,17,5,21,0,2,,86
5/22/10,90,81,73,72,69,65,93,72,46,30.09,30.05,30.01,10,10,9,15,6,23,0,1,,72
5/23/10,90,80,71,70,68,65,93,73,46,30.06,30.02,29.98,10,10,10,16,6,22,0,0,,70
5/24/10,90,81,73,71,68,62,93,72,40,29.99,29.95,29.91,10,10,10,14,4,16,0,1,,54
5/25/10,84,78,71,72,68,62,94,77,49,29.97,29.94,29.92,10,10,4,16,5,21,0,3,Rain,34
5/26/10,89,79,70,67,63,56,90,63,35,29.94,29.9,29.82,10,10,10,12,7,17,0,1,,346
5/27/10,91,81,72,69,66,62,87,64,39,29.87,29.84,29.78,10,10,10,12,4,,0,3,,255
5/28/10,90,79,69,72,68,62,94,75,40,29.85,29.82,29.78,10,8,0,33,6,46,1.24,4,Fog-Rain-Thunderstorm,221
5/29/10,87,78,71,73,70,66,94,83,61,29.93,29.87,29.82,10,9,2,14,5,21,0.91,3,Rain-Thunderstorm,90
5/30/10,88,79,71,73,71,69,97,82,55,30.03,29.96,29.9,10,10,10,16,6,,0,2,Rain-Thunderstorm,111
5/31/10,91,82,73,75,72,68,97,81,48,30.07,30.03,29.97,10,9,2,20,8,25,0.28,4,Rain-Thunderstorm,136
6/1/10,91,82,73,73,71,67,100,82,46,30.06,30,29.93,10,9,2,22,4,29,0.67,4,Rain-Thunderstorm,180
6/2/10,91,82,73,74,71,66,97,78,45,29.99,29.94,29.87,10,9,2,14,4,,0.32,4,Rain-Thunderstorm,182
6/3/10,91,82,72,73,71,68,97,84,50,29.97,29.93,29.88,10,10,3,39,7,50,0.11,2,Rain-Thunderstorm,179
6/4/10,91,80,73,76,73,69,91,82,63,30.05,29.98,29.93,10,10,10,16,6,22,0.04,2,Rain,190
6/5/10,93,83,73,77,74,72,94,77,55,30.05,30.02,29.98,10,10,10,12,5,,0,1,,222
6/6/10,93,84,77,77,74,71,94,76,54,30.03,29.99,29.93,10,10,10,17,5,24,0,1,,227
6/7/10,91,83,75,79,75,69,97,81,59,29.99,29.95,29.89,10,10,4,17,8,25,0.02,2,Rain-Thunderstorm,261
6/8/10,90,82,73,76,70,66,94,72,48,30.12,30.04,29.97,10,9,6,16,8,23,0,1,,51
6/9/10,87,79,72,69,67,65,91,69,51,30.13,30.1,30.06,10,10,10,16,8,30,0,1,,69
6/10/10,91,80,71,69,66,60,90,65,37,30.1,30.06,30,10,10,10,12,5,16,0,0,,59
6/11/10,95,82,71,72,67,60,96,64,38,30.12,30.08,30.03,10,10,10,14,3,,0,0,,108
6/12/10,93,84,75,75,73,70,91,72,48,30.15,30.11,30.06,10,10,10,17,5,22,0,1,,82
6/13/10,95,85,77,79,74,70,94,75,47,30.12,30.06,29.99,10,10,7,13,3,,0.01,1,Rain,95
6/14/10,100,88,78,77,73,62,93,66,30,30.03,30,29.94,10,10,10,13,4,,0,1,Thunderstorm,189
6/15/10,98,85,77,79,76,72,90,77,50,30.1,30.03,29.99,10,9,2,24,6,28,0.04,2,Rain-Thunderstorm,243
6/16/10,96,85,75,76,73,68,90,74,49,30.1,30.07,30.02,10,9,1,29,4,39,0.28,2,Rain-Thunderstorm,8
6/17/10,91,82,73,76,74,71,94,80,54,30.07,30.05,30.01,10,10,7,18,3,22,0.13,2,Rain-Thunderstorm,265
6/18/10,90,81,73,76,72,68,97,77,51,30.09,30.06,30.02,10,9,3,21,5,29,0.04,1,Rain-Thunderstorm,227
6/19/10,93,83,73,74,72,68,96,75,45,30.12,30.07,30,10,9,2,18,4,26,0.46,3,Rain-Thunderstorm,218
6/20/10,91,82,73,76,73,71,97,84,54,30.07,30.04,30.01,10,10,10,18,4,24,0.07,2,Rain-Thunderstorm,169
6/21/10,91,80,73,76,73,70,97,81,61,30.14,30.07,30.02,10,10,2,21,4,28,0.27,2,Rain,90
6/22/10,91,82,75,76,74,69,97,78,53,30.17,30.13,30.07,10,8,1,21,6,32,0.28,2,Rain-Thunderstorm,105
6/23/10,91,83,75,76,74,70,97,75,50,30.16,30.13,30.1,10,10,10,17,7,22,0,2,,89
6/24/10,93,84,75,77,73,68,100,75,45,30.13,30.08,30.03,10,10,10,13,6,18,0,1,,89
6/25/10,93,84,75,76,73,71,94,73,49,30.1,30.06,30,10,10,10,14,4,,0,1,,119
6/26/10,96,86,75,77,74,68,97,73,40,30.05,30.01,29.95,10,10,10,16,5,,0,1,,139
6/27/10,95,85,77,77,74,69,94,73,47,30,29.96,29.91,10,10,10,18,6,22,0,1,,173
6/28/10,93,85,77,77,74,70,90,72,47,30.01,29.96,29.92,10,10,10,14,4,,0,0,,149
6/29/10,93,85,79,76,74,72,90,73,52,30.04,30.01,29.98,10,10,10,14,7,21,0,1,,133
6/30/10,95,85,75,76,73,70,90,74,47,30.12,30.06,30.01,10,10,10,22,7,32,0,1,,142
7/1/10,95,82,73,76,74,69,100,91,47,30.12,30.09,30.04,10,6,0,36,5,48,2.94,5,Fog-Rain-Thunderstorm,60
7/2/10,82,78,73,75,73,70,100,89,67,30.1,30.06,30.02,10,10,10,8,3,,0.05,2,Rain,53
7/3/10,88,80,75,75,73,72,100,86,67,30.08,30.04,30,10,10,10,14,5,17,0.04,4,Rain,52
7/4/10,84,78,73,76,73,70,100,91,65,30.09,30.04,30.01,10,8,2,15,5,18,0.24,5,Rain-Thunderstorm,107
7/5/10,86,78,73,74,73,69,100,87,63,30.09,30.06,30.01,10,9,4,9,4,,0.27,5,Rain,140
7/6/10,89,81,73,77,72,67,97,77,53,30.06,30.04,30,10,10,10,14,7,17,0.02,1,,84
7/7/10,90,82,75,75,72,70,94,75,55,30.06,30.03,29.99,10,10,10,14,6,18,0,1,,55
7/8/10,91,82,72,71,68,61,93,66,38,30.03,30,29.95,10,10,10,8,2,,0,0,,83
7/9/10,93,84,75,75,72,68,90,71,43,30.04,29.99,29.93,10,10,7,17,3,24,0.03,2,Rain-Thunderstorm,254
7/10/10,93,86,79,74,72,70,84,65,47,30.04,30,29.94,10,10,10,12,5,,0,1,,285
7/11/10,88,81,75,78,74,71,87,77,66,30.02,29.97,29.92,10,10,10,14,7,18,0,2,Rain-Thunderstorm,243
7/12/10,91,84,78,77,75,71,96,75,55,30.01,29.96,29.91,10,10,9,14,7,22,0,1,,248
7/13/10,93,86,78,77,73,69,94,71,45,30.06,30.02,29.99,10,10,10,13,3,,0.01,3,Rain,252
7/14/10,91,84,77,76,74,70,96,76,55,30.09,30.06,30.03,10,10,10,14,4,22,0.01,2,Rain-Thunderstorm,89
7/15/10,93,83,73,78,74,72,97,84,52,30.12,30.08,30.04,10,9,2,25,7,31,0.38,3,Rain-Thunderstorm,161
7/16/10,93,83,73,79,74,70,100,80,47,30.14,30.1,30.05,10,9,2,24,5,45,0.11,1,Rain-Thunderstorm,123
7/17/10,93,84,75,77,74,70,100,74,48,30.16,30.13,30.09,10,10,9,14,7,,0,1,,133
7/18/10,93,83,75,76,73,70,94,72,50,30.15,30.11,30.05,10,10,10,16,6,21,0,1,,106
7/19/10,93,85,77,76,74,69,96,74,48,30.13,30.09,30.05,10,10,10,14,6,20,0,1,,118
7/20/10,93,85,77,76,73,71,94,70,47,30.19,30.13,30.1,10,10,10,15,9,21,0,1,,109
7/21/10,93,85,77,77,74,71,96,74,50,30.17,30.14,30.09,10,10,8,15,7,21,0,2,,99
7/22/10,93,84,75,76,73,69,96,72,48,30.14,30.1,30.05,10,10,8,12,4,18,0,0,,73
7/23/10,91,84,77,78,75,73,97,83,55,30.09,30.05,30.02,10,9,2,29,9,39,0.38,2,Rain,70
7/24/10,93,84,78,79,77,75,100,82,59,30.11,30.07,30.02,10,10,9,14,7,20,0.02,2,,128
7/25/10,93,86,78,79,75,70,100,77,47,30.15,30.09,30.04,10,10,10,17,5,20,0,2,,131
7/26/10,96,86,77,79,74,69,94,70,44,30.14,30.09,30.02,10,10,10,12,7,22,0.15,1,Rain,198
7/27/10,98,90,81,79,74,68,91,67,37,30.14,30.09,30.04,10,10,10,10,4,16,0,2,,329
7/28/10,98,87,78,78,75,70,88,73,44,30.13,30.08,30.05,10,9,2,18,6,30,0.3,2,Rain-Thunderstorm,332
7/29/10,97,87,78,79,75,71,96,76,44,30.09,30.01,29.94,10,8,2,25,4,32,0.55,3,Rain-Thunderstorm,271
7/30/10,97,88,79,78,74,69,94,69,43,29.98,29.92,29.84,10,10,9,13,6,,0,1,,246
7/31/10,96,88,81,79,75,70,94,70,46,29.9,29.87,29.81,10,10,10,9,6,,0,2,Thunderstorm,256
8/1/10,97,84,73,78,75,70,100,82,44,29.95,29.9,29.83,10,7,0,31,8,40,1.8,3,Fog-Rain-Thunderstorm,204
8/2/10,95,85,75,76,74,73,97,76,49,30.07,30,29.94,10,10,10,12,3,,0,1,,104
8/3/10,95,86,78,77,75,72,96,74,49,30.08,30.04,30,10,10,10,15,4,22,0,0,Rain,99
8/4/10,93,84,78,76,74,70,90,73,50,30.05,30,29.94,10,10,10,17,5,22,0,1,,77
8/5/10,93,83,75,75,74,72,94,75,53,30,29.96,29.89,10,10,10,10,7,,0,2,Thunderstorm,169
8/6/10,95,86,78,76,74,72,93,72,49,29.99,29.95,29.9,10,10,10,20,5,26,0,2,,218
8/7/10,89,82,75,78,76,73,100,84,65,29.97,29.94,29.91,10,8,1,18,5,22,0.72,2,Rain-Thunderstorm,204
8/8/10,87,80,73,79,75,72,100,92,74,29.98,29.94,29.89,10,7,0,26,5,37,1.91,4,Fog-Rain-Thunderstorm,273
8/9/10,91,82,75,79,76,73,100,86,61,29.96,29.93,29.89,10,10,6,14,3,17,0,5,,91
8/10/10,88,80,75,75,74,72,94,81,67,29.99,29.95,29.91,10,10,10,17,10,25,0.01,2,Rain,105
8/11/10,93,84,75,79,74,71,96,84,49,29.99,29.96,29.92,10,8,0,18,9,25,0.63,3,Fog-Rain-Thunderstorm,146
8/12/10,93,84,75,77,75,71,97,78,50,29.99,29.95,29.9,10,10,9,14,4,23,0.04,0,Rain,226
8/13/10,91,84,77,79,76,73,96,82,57,29.96,29.93,29.91,10,8,0,21,6,26,0.84,3,Fog-Rain-Thunderstorm,252
8/14/10,95,85,77,79,75,70,96,74,48,30.02,29.98,29.94,10,10,10,13,5,16,0,1,,265
8/15/10,95,88,80,77,75,72,90,72,47,30.02,29.96,29.91,10,10,10,12,4,,0,2,,247
8/16/10,91,84,78,77,76,72,94,81,62,30.01,29.96,29.92,10,8,1,24,4,30,0.53,3,Rain-Thunderstorm,180
8/17/10,93,86,78,78,75,71,96,76,47,30.07,30.01,29.97,10,10,9,15,3,,0,1,,130
8/18/10,93,86,78,77,74,72,93,73,49,30.09,30.06,30.01,10,10,10,15,6,25,0.01,2,,200
8/19/10,93,84,75,77,75,73,96,79,52,30.08,30.01,29.92,10,10,7,17,5,23,0.14,3,Rain-Thunderstorm,181
8/20/10,95,85,75,78,74,70,97,76,44,30.01,29.97,29.91,10,10,10,13,4,,0,1,,253
8/21/10,93,84,77,80,76,74,100,84,55,30,29.97,29.92,10,9,2,15,7,22,0.34,3,Rain-Thunderstorm,237
8/22/10,93,83,75,79,76,73,100,89,61,29.96,29.92,29.87,10,10,6,17,5,24,0.05,4,Rain-Thunderstorm,194
8/23/10,87,81,75,77,75,72,100,86,65,29.95,29.91,29.87,10,10,10,17,8,22,0.01,4,Rain,199
8/24/10,84,78,75,76,74,72,96,89,79,29.95,29.9,29.86,10,9,2,18,9,33,0.21,3,Rain-Thunderstorm,212
8/25/10,88,80,75,79,74,71,94,85,74,30.04,29.98,29.92,10,8,1,13,9,20,0.67,4,Rain,239
8/26/10,90,82,75,75,72,71,94,79,59,30.06,30.03,29.98,10,9,1,14,4,,0.54,3,Rain,186
8/27/10,88,80,73,76,74,72,100,84,61,30.06,30.03,29.99,10,10,5,13,6,,0.26,2,Rain,51
8/28/10,91,82,75,76,75,71,100,83,55,30.07,30.02,29.99,10,9,2,16,5,,0.01,3,Rain,52
8/29/10,87,80,75,77,74,70,96,82,65,30.14,30.09,30.02,10,9,2,21,8,25,0.13,3,Rain,72
8/30/10,89,82,75,73,69,64,91,69,46,30.17,30.13,30.11,10,10,10,18,8,22,0,1,,61
8/31/10,89,82,75,73,72,69,90,73,55,30.13,30.07,30.03,10,10,10,20,9,25,0,1,,57
9/1/10,89,82,75,73,69,63,91,69,44,30.02,29.96,29.9,10,10,10,22,9,26,0,1,,45
9/2/10,91,82,73,74,69,62,91,68,41,29.99,29.91,29.87,10,10,8,8,5,,0,1,,343
9/3/10,93,83,75,75,70,65,97,67,42,30.02,29.98,29.93,10,10,7,12,4,,0,0,,244
9/4/10,91,83,75,76,71,68,85,67,48,30.04,29.98,29.92,10,10,10,10,5,26,0,1,,296
9/5/10,93,83,75,76,73,70,94,75,48,30.03,29.98,29.93,10,10,2,15,3,25,0.22,3,Rain-Thunderstorm,214
9/6/10,91,82,73,79,74,71,100,88,54,30.14,30.07,30.01,10,8,2,20,5,30,0.49,4,Rain-Thunderstorm,110
9/7/10,88,80,72,76,73,71,97,83,61,30.17,30.12,30.06,10,10,10,10,4,,0.06,2,,61
9/8/10,90,81,73,77,74,72,100,87,59,30.12,30.03,29.98,10,7,0,14,6,,2.38,4,Fog-Rain,71
9/9/10,91,83,75,77,74,69,100,82,48,30.01,29.96,29.9,10,10,4,12,2,18,0.15,3,Rain-Thunderstorm,273
9/10/10,91,84,77,77,75,71,96,79,52,29.98,29.94,29.89,10,10,10,10,3,,0,2,Thunderstorm,152
9/11/10,93,84,75,77,74,69,97,76,47,30,29.95,29.91,10,10,10,13,2,,0,0,Thunderstorm,127
9/12/10,93,83,73,77,74,72,97,80,50,30,29.96,29.91,10,8,0,24,6,31,1.4,3,Fog-Rain-Thunderstorm,217
9/13/10,91,84,77,76,75,72,96,79,55,30.02,29.96,29.93,10,10,10,16,4,23,0,1,,55
9/14/10,88,82,73,73,69,64,91,72,53,30.07,30.03,29.98,10,10,10,18,8,23,0,0,,63
9/15/10,88,80,72,71,68,65,82,70,57,30.09,30.06,30.03,10,10,10,18,6,22,0,1,,60
9/16/10,89,80,73,72,70,69,87,74,59,30.07,30.03,29.98,10,10,10,18,7,22,0,1,,83
9/17/10,89,80,73,71,70,65,93,72,48,30.04,30,29.96,10,10,10,15,6,20,0,1,,64
9/18/10,89,81,73,73,70,66,91,72,48,30.06,30.02,29.98,10,10,10,20,6,23,0,1,,49
9/19/10,89,80,73,72,70,67,87,72,57,30.06,30.02,29.98,10,10,10,16,8,20,0,1,,18
9/20/10,90,82,73,71,69,66,87,70,45,30.05,30,29.97,10,10,10,14,7,20,0,0,,51
9/21/10,89,80,72,72,69,66,93,73,49,30.11,30.07,30.03,10,10,10,21,8,25,0,1,,73
9/22/10,89,80,73,72,71,69,91,75,55,30.15,30.1,30.06,10,10,10,17,8,23,0,1,,66
9/23/10,89,80,73,75,73,70,97,83,57,30.16,30.12,30.09,10,10,10,18,7,24,0.06,2,,71
9/24/10,90,80,73,78,75,73,100,93,65,30.15,30.1,30.05,10,9,2,18,6,23,0.58,5,Rain-Thunderstorm,69
9/25/10,86,78,73,75,72,68,100,83,61,30.1,30.02,29.95,10,10,10,13,4,,0,1,,91
9/26/10,90,80,72,74,71,69,97,77,52,29.98,29.9,29.83,10,10,10,10,3,17,0,2,,120
9/27/10,91,82,73,75,72,67,96,76,45,29.88,29.81,29.75,10,10,10,14,7,21,0,1,Rain,173
9/28/10,88,78,70,76,73,70,100,95,62,29.79,29.73,29.65,10,8,0,21,5,25,2.05,6,Fog-Rain-Thunderstorm,117
9/29/10,82,76,71,74,71,68,100,87,71,29.7,29.6,29.52,10,10,10,15,7,21,0,1,,67
9/30/10,86,77,70,72,67,55,100,80,36,29.77,29.62,29.53,10,10,4,15,6,18,0,4,,307
10/1/10,86,77,68,68,63,55,96,68,36,29.83,29.77,29.73,10,10,10,10,4,,0,0,,326
10/2/10,87,78,68,68,66,62,93,71,44,29.86,29.81,29.76,10,10,10,12,5,,0,1,,339
10/3/10,84,76,69,68,59,51,90,63,33,30,29.91,29.84,10,10,10,13,6,16,0,0,,354
10/4/10,82,73,64,61,57,48,90,61,31,30.08,30.02,29.97,10,10,10,12,4,16,0,0,,4
10/5/10,84,72,63,64,60,56,81,67,51,30.1,30.06,30.02,10,10,10,17,9,23,0,1,,6
10/6/10,79,70,62,57,54,51,72,58,42,30.11,30.06,30.02,10,10,10,17,10,23,0,1,,11
10/7/10,81,70,60,58,54,47,80,60,38,30.09,30.05,29.99,10,10,10,10,5,,0,0,,6
10/8/10,84,72,61,62,55,45,93,60,25,30.1,30.05,30.01,10,10,10,10,3,,0,0,,325
10/9/10,86,74,63,62,59,53,90,64,32,30.09,30.04,29.99,10,10,10,12,2,,0,0,,147
10/10/10,87,74,62,66,61,56,97,68,38,30.07,30.02,29.96,10,10,10,9,2,,0,1,,75
10/11/10,86,74,64,67,62,56,93,67,38,30.07,30.02,29.97,10,10,10,10,2,,0,1,,145
10/12/10,86,75,66,67,64,58,100,71,40,30.06,30.01,29.96,10,10,7,10,2,,0,1,Fog,196
10/13/10,84,76,69,64,60,51,84,60,31,30.05,30,29.96,10,10,10,9,3,,0,0,,289
10/14/10,84,76,68,68,62,52,93,63,35,30,29.95,29.88,10,10,10,15,5,18,0,0,,299
10/15/10,81,72,63,61,46,29,76,45,15,30.06,29.99,29.94,10,10,10,15,8,21,0,0,,324
10/16/10,82,71,60,60,51,40,81,54,22,30.14,30.08,30.03,10,10,10,14,6,17,0,0,,349
10/17/10,82,72,64,59,54,45,73,56,30,30.19,30.12,30.07,10,10,10,12,7,,0,0,,26
10/18/10,82,70,57,60,57,54,97,68,39,30.12,30.06,30,10,10,10,10,2,,0,1,Fog,93
10/19/10,84,74,64,65,61,58,93,69,42,30.04,29.98,29.92,10,10,10,7,1,,0,1,,174
10/20/10,86,76,68,64,61,57,87,62,40,29.98,29.95,29.9,10,10,10,12,4,,0,2,,281
10/21/10,84,74,64,66,61,57,97,69,40,30.02,29.97,29.92,10,9,4,8,3,,0,0,,319
10/22/10,86,74,64,64,60,56,90,65,38,30.15,30.06,30,10,10,7,12,4,,0,1,,41
10/23/10,84,74,64,63,61,59,90,68,44,30.2,30.16,30.12,10,10,10,16,5,23,0,1,,66
10/24/10,87,76,66,70,64,59,93,72,40,30.19,30.13,30.07,10,10,10,13,5,,0,0,,102
10/25/10,90,78,68,73,70,66,100,80,46,30.07,30.01,29.94,10,10,10,15,7,21,0,1,,147
10/26/10,91,81,72,74,71,66,97,80,46,30.05,30,29.95,10,10,9,15,8,22,0,1,,163
10/27/10,91,80,71,74,72,68,100,81,48,30.14,30.09,30.04,10,10,8,12,6,,0,2,,135
10/28/10,91,81,73,74,71,65,100,79,45,30.14,30.08,30,10,10,5,9,2,,0,2,,174
10/29/10,84,78,69,70,60,47,94,64,31,30.12,30.05,29.99,10,10,10,13,7,20,0,3,,4
10/30/10,84,73,64,61,60,57,87,67,42,30.17,30.12,30.09,10,10,10,14,7,25,0,0,,47
10/31/10,84,73,62,64,61,57,93,69,41,30.14,30.1,30.05,10,10,10,9,2,,0,2,,130
11/1/10,84,73,64,67,64,62,96,76,51,30.2,30.15,30.09,10,10,10,13,2,,0,3,,66
11/2/10,79,73,68,72,68,66,100,89,68,30.14,30.07,30.03,10,8,2,13,4,,0.63,8,Rain,48
11/3/10,84,75,66,70,67,64,100,89,53,30.05,29.95,29.83,10,7,1,10,3,,0.02,4,,55
11/4/10,78,72,63,70,68,59,100,95,79,29.82,29.69,29.58,10,10,4,16,9,28,0.29,5,Rain,190
11/5/10,66,58,53,57,39,27,86,51,24,30.09,29.88,29.69,10,10,10,20,12,25,0,2,,319
11/6/10,63,54,46,37,33,29,66,47,29,30.3,30.2,30.1,10,10,10,18,9,25,0,0,,342
11/7/10,68,58,48,45,40,31,66,54,42,30.31,30.25,30.2,10,10,10,18,11,26,0,2,,352
11/8/10,71,60,50,45,40,32,67,51,35,30.2,30.12,30.04,10,10,10,12,7,,0,0,,333
11/9/10,78,64,51,49,44,39,77,52,26,30.08,30.03,29.99,10,10,10,8,4,,0,0,,301
11/10/10,80,66,53,57,48,39,87,57,23,30.13,30.07,30.02,10,10,10,10,3,,0,0,,352
11/11/10,80,70,59,58,56,52,96,67,39,30.25,30.19,30.12,10,10,6,14,6,21,0,1,,10
11/12/10,79,69,59,58,56,48,83,69,35,30.25,30.21,30.17,10,10,10,14,8,22,0,1,,10
11/13/10,77,67,57,57,55,54,89,70,47,30.2,30.15,30.09,10,10,10,10,6,,0,1,,16
11/14/10,78,66,54,56,52,46,97,67,35,30.13,30.07,30.02,10,10,10,7,2,,0,0,,340
11/15/10,78,66,53,60,56,53,100,76,45,30.04,29.99,29.93,10,9,2,10,2,,0,1,,150
11/16/10,82,70,59,65,61,57,94,73,49,29.99,29.93,29.86,10,10,10,16,7,23,0,4,,202
11/17/10,79,72,64,66,64,60,97,78,56,30.13,30.06,29.97,10,9,4,9,3,,0,4,,340
11/18/10,77,67,57,64,53,40,97,65,31,30.22,30.15,30.09,10,9,5,12,4,17,0,2,,357
11/19/10,75,65,55,55,51,48,80,63,37,30.27,30.22,30.17,10,10,10,13,6,18,0,1,,27
11/20/10,80,70,60,62,57,53,83,67,40,30.31,30.26,30.22,10,10,10,15,5,18,0,4,,56
11/21/10,75,68,62,64,62,59,94,84,58,30.33,30.29,30.26,10,9,2,15,7,21,0.01,6,Rain,73
11/22/10,77,69,61,65,62,58,97,78,60,30.31,30.26,30.22,10,10,8,15,5,,0.01,6,Rain,71
11/23/10,82,72,62,62,60,53,93,73,37,30.22,30.17,30.12,10,10,10,13,3,,0,2,,71
11/24/10,82,71,60,63,59,54,96,73,40,30.17,30.12,30.06,10,10,2,9,2,,0,1,,72
11/25/10,82,70,57,66,60,55,100,81,39,30.14,30.08,30.04,10,8,0,9,2,,0,2,Fog,158
11/26/10,81,74,68,70,67,65,96,83,62,30.04,29.98,29.91,10,10,6,22,7,26,0.02,5,Rain,207
11/27/10,69,64,59,68,60,46,100,80,60,30.12,30.02,29.93,10,9,6,13,7,21,0,6,,338
11/28/10,75,64,53,64,54,41,90,67,53,30.17,30.13,30.1,10,10,10,13,8,18,0,4,,48
11/29/10,80,73,66,70,68,64,100,90,65,30.2,30.15,30.12,10,9,2,20,9,25,0.3,7,Rain,88
11/30/10,82,72,62,70,66,63,100,84,56,30.14,30.08,30,10,8,0,14,4,18,0,2,Fog,163
12/1/10,72,61,48,68,47,28,94,61,28,30.22,30.12,30.01,10,10,10,22,13,30,0,3,Rain,305
12/2/10,61,52,43,36,30,26,58,45,32,30.28,30.22,30.17,10,10,10,12,8,18,0,0,,347
12/3/10,64,54,45,39,30,24,69,43,23,30.24,30.19,30.14,10,10,10,10,6,,0,0,,343
12/4/10,69,55,41,51,43,37,86,61,33,30.19,30.11,30.04,10,10,10,13,4,16,0,0,,262
12/5/10,68,60,48,61,53,35,93,81,53,30.11,30.03,29.99,10,10,5,14,8,21,0.01,3,Rain,269
12/6/10,53,45,37,34,28,21,65,52,29,30.17,30.12,30.06,10,10,10,17,10,23,0,0,,307
12/7/10,51,43,35,29,19,12,60,40,21,30.21,30.14,30.09,10,10,10,15,10,22,0,0,,305
12/8/10,57,46,35,27,23,17,67,43,21,30.19,30.16,30.13,10,10,10,8,3,18,0,1,,350
12/9/10,61,53,45,42,36,24,80,59,41,30.22,30.19,30.13,10,10,10,13,8,16,0,2,,354
12/10/10,62,54,46,55,50,42,94,84,75,30.19,30.14,30.1,10,10,7,9,7,,0,5,,336
12/11/10,66,58,50,52,50,48,100,85,52,30.15,30.09,29.99,10,7,0,9,4,,0,5,Fog,317
12/12/10,71,61,51,55,50,38,96,81,53,29.97,29.82,29.71,10,9,4,24,10,38,0.04,5,Rain,234
12/13/10,48,42,35,27,23,15,60,49,37,30.06,29.92,29.85,10,10,10,28,16,34,0,3,,295
12/14/10,48,38,28,23,10,-2,59,36,13,30.19,30.14,30.07,10,10,10,16,11,29,0,0,,310
12/15/10,55,44,32,28,15,7,53,35,16,30.22,30.15,30.1,10,10,10,12,3,,0,0,,331
12/16/10,69,52,35,44,34,28,76,55,26,30.15,30.09,30.04,10,10,10,15,4,20,0,0,,207
12/17/10,75,62,50,54,50,44,97,69,40,30.13,30.06,30.02,10,10,6,10,5,,0,0,,203
12/18/10,66,57,48,63,58,48,100,94,87,30.01,29.9,29.81,10,5,0,7,1,,0.73,5,Fog-Rain,85
12/19/10,59,52,44,59,51,39,100,93,77,30.06,29.89,29.81,10,5,1,12,7,,0,8,Rain,351
12/20/10,62,50,39,40,38,36,93,67,39,30.19,30.13,30.04,10,10,8,13,7,18,0,0,,7
12/21/10,66,54,41,43,40,36,86,61,32,30.23,30.18,30.14,10,10,10,13,2,,0,0,,266
12/22/10,75,60,46,59,52,44,93,72,41,30.15,30.08,30.02,10,10,6,17,8,25,0,2,,264
12/23/10,62,54,46,59,48,35,97,75,51,30.18,30.09,30.01,10,9,5,14,10,18,0,1,,343
12/24/10,66,54,42,44,39,33,80,62,40,30.22,30.16,30.12,10,10,10,9,7,17,0,0,,19
12/25/10,71,58,44,59,48,41,93,70,45,30.12,29.96,29.74,10,10,10,21,5,30,0.1,2,,188
12/26/10,63,50,36,61,41,21,94,74,53,30.12,29.88,29.69,10,10,5,26,18,39,0.06,6,Rain,281
12/27/10,48,39,30,31,22,17,82,53,29,30.32,30.22,30.12,10,10,10,20,15,29,0,0,,294
12/28/10,54,43,32,30,25,21,76,54,28,30.38,30.3,30.25,10,10,10,8,4,,0,0,,315
12/29/10,63,48,32,37,32,26,92,62,27,30.26,30.2,30.12,10,10,8,8,1,,0,0,,50
12/30/10,72,58,43,51,45,36,89,67,41,30.22,30.15,30.09,10,10,10,12,3,,0,2,,120
12/31/10,75,63,51,57,53,49,97,75,46,30.22,30.18,30.14,10,10,6,15,5,,0,1,,128
1/1/11,75,64,54,58,56,52,93,73,50,30.21,30.16,30.1,10,10,4,14,6,21,0,2,,156
1/2/11,75,69,63,64,61,59,94,80,60,30.19,30.15,30.11,10,10,9,16,7,18,0,2,Rain,229
1/3/11,69,60,51,63,49,40,96,70,42,30.25,30.18,30.13,10,10,6,12,7,,0,5,,23
1/4/11,73,62,51,59,55,50,100,81,57,30.2,30.15,30.1,10,8,1,12,5,,0,7,,303
1/5/11,75,67,59,63,55,41,88,68,36,30.12,29.98,29.87,10,10,10,16,5,26,0,6,,236
1/6/11,68,60,51,64,57,37,100,85,34,29.86,29.79,29.72,10,8,2,22,10,34,0.43,5,Rain-Thunderstorm,268
1/7/11,64,54,45,49,40,32,80,60,39,29.88,29.81,29.73,10,10,10,25,10,31,0,1,,272
1/8/11,71,61,50,53,44,30,89,59,31,29.95,29.81,29.74,10,10,10,22,12,30,0,0,,265
1/9/11,64,54,43,47,41,32,86,66,48,30.16,30.09,29.96,10,10,10,14,7,20,0,0,,17
1/10/11,70,60,50,65,59,47,100,86,65,30.1,30.03,29.95,10,8,0,20,6,26,0.37,4,Fog-Rain-Thunderstorm,176
1/11/11,64,57,46,63,54,43,96,81,54,30.27,30.16,30.06,10,9,2,9,6,,0,5,,302
1/12/11,53,45,37,41,27,18,83,53,25,30.4,30.33,30.27,10,10,10,15,10,20,0,1,,328
1/13/11,52,41,30,32,25,18,67,54,36,30.49,30.41,30.36,10,10,10,12,9,20,0,0,,4
1/14/11,63,50,37,45,37,28,77,64,48,30.41,30.35,30.29,10,10,10,12,7,,0,3,,6
1/15/11,69,57,45,49,45,41,86,68,38,30.31,30.23,30.16,10,10,10,8,4,,0,6,,30
1/16/11,70,60,51,52,48,45,83,68,46,30.19,30.11,30.03,10,10,10,8,3,,0,6,,31
1/17/11,62,58,54,61,57,49,100,95,80,30,29.9,29.84,10,5,0,22,6,25,1.67,7,Fog-Rain-Thunderstorm,32
1/18/11,77,68,59,63,59,55,100,85,47,29.96,29.91,29.88,10,6,0,17,5,25,0,5,Fog,220
1/19/11,75,65,55,63,57,51,94,77,43,30.08,29.97,29.88,10,10,10,14,6,,0,1,,257
1/20/11,78,64,51,61,55,51,100,83,50,30.09,30.02,29.89,10,7,0,12,3,,0,3,Fog,356
1/21/11,68,60,52,64,59,48,100,93,81,29.89,29.84,29.78,10,6,1,13,7,21,1.77,8,Rain-Thunderstorm,344
1/22/11,57,50,43,49,41,21,94,70,26,30.07,29.86,29.77,10,10,6,30,8,38,0.01,5,,308
1/23/11,60,48,37,39,29,22,71,49,26,30.22,30.16,30.06,10,10,10,12,6,,0,1,,13
1/24/11,71,60,48,55,45,34,81,62,44,30.26,30.19,30.15,10,10,10,14,6,18,0,6,,57
1/25/11,75,68,61,65,59,52,100,76,60,30.14,29.97,29.82,10,8,1,33,13,47,1.33,7,Rain-Thunderstorm,181
1/26/11,68,59,48,61,50,35,93,72,34,30.11,29.97,29.86,10,10,3,26,14,36,0,3,Rain,273
1/27/11,61,52,44,45,37,30,90,62,35,30.17,30.11,30.06,10,10,10,15,6,20,0,0,,302
1/28/11,64,55,46,43,38,33,77,57,34,30.16,30.1,30.04,10,10,10,13,8,21,0,0,,285
1/29/11,71,58,46,50,44,37,93,63,29,30.21,30.16,30.12,10,10,6,8,5,,0,0,,256
1/30/11,72,59,46,54,44,35,100,65,26,30.26,30.2,30.16,10,8,0,7,1,,0,1,Fog,303
1/31/11,73,64,54,57,52,47,90,70,49,30.23,30.16,30.11,10,10,8,10,3,,0,2,,152
2/1/11,80,68,55,63,58,55,100,84,46,30.15,30.09,30.02,10,7,0,15,5,18,0.01,1,Fog,138
2/2/11,78,71,64,66,65,63,94,82,64,30.17,30.11,30.05,10,10,9,12,9,,0,3,,197
2/3/11,70,65,60,66,59,48,100,83,63,30.27,30.19,30.14,10,7,0,13,4,17,0,6,Fog,39
2/4/11,80,70,59,65,61,57,100,91,52,30.19,30.12,30,10,4,0,9,3,,0,6,Fog,39
2/5/11,79,68,57,66,62,55,94,86,56,30.03,29.98,29.91,10,10,6,17,8,32,0.06,7,Rain,252
2/6/11,61,58,55,57,55,48,100,90,77,30.12,30.05,29.96,10,7,2,8,1,,0.16,8,Rain,64
2/7/11,80,68,55,64,57,52,97,87,52,30.08,29.97,29.81,10,8,2,21,7,33,0.1,7,Rain,323
2/8/11,57,52,45,54,43,37,90,73,47,30.22,30.13,30.01,10,10,9,20,11,28,0,4,,304
2/9/11,73,59,45,56,48,41,90,70,44,30.22,30.11,29.99,10,10,10,9,3,17,0,0,,138
2/10/11,66,58,51,64,54,46,94,87,73,30.09,29.99,29.87,10,9,2,18,9,26,0.11,8,Rain,360
2/11/11,57,52,48,47,45,41,89,76,58,30.24,30.12,30.02,10,10,7,14,7,21,0,5,,330
2/12/11,60,51,42,40,29,18,82,49,20,30.4,30.32,30.23,10,10,10,12,6,18,0,0,,2
2/13/11,66,52,39,37,29,18,73,45,17,30.43,30.36,30.29,10,10,10,10,3,,0,0,,337
2/14/11,71,58,44,42,35,31,76,48,23,30.34,30.27,30.2,10,10,10,12,4,,0,0,,294
2/15/11,73,60,48,51,44,35,93,63,25,30.28,30.24,30.21,10,10,7,10,6,,0,0,,352
2/16/11,75,64,53,59,54,51,96,75,44,30.31,30.25,30.2,10,8,4,13,3,,0,3,,52
2/17/11,79,67,55,61,57,55,100,84,45,30.3,30.24,30.2,10,5,0,12,2,,0,3,Fog,77
2/18/11,79,68,57,60,56,50,100,71,38,30.31,30.25,30.2,10,9,2,9,2,,0.01,1,,204
2/19/11,81,69,57,56,54,49,89,65,33,30.25,30.19,30.12,10,10,8,15,4,,0,0,,24
2/20/11,79,67,55,61,56,53,96,76,45,30.21,30.16,30.13,10,6,1,15,3,20,0,1,,102
2/21/11,82,71,60,61,59,56,93,70,41,30.13,30.07,30,10,9,5,18,7,24,0,1,,213
2/22/11,81,71,61,64,59,53,97,68,39,30.12,30.07,30.03,10,9,5,15,7,22,0,1,,252
2/23/11,80,70,60,64,60,52,100,82,40,30.21,30.13,30.06,10,7,0,14,7,,0,5,Fog,350
2/24/11,80,68,57,62,57,51,100,75,38,30.2,30.14,30.06,10,8,0,13,6,,0,5,Fog,92
2/25/11,82,74,66,64,61,54,87,65,37,30.11,30.05,29.99,10,10,8,20,10,29,0,4,,227
2/26/11,82,72,63,64,61,55,93,66,38,30.16,30.1,30.04,10,10,6,12,5,,0,5,,224
2/27/11,82,72,61,64,61,56,97,70,39,30.19,30.12,30.06,10,9,5,14,4,18,0,0,,152
2/28/11,84,74,64,66,60,54,96,65,37,30.16,30.09,30.01,10,10,9,18,10,28,0,1,,207
3/1/11,77,70,61,70,62,55,94,79,57,30.17,30.07,30,10,10,4,18,10,25,0.1,4,Rain,298
3/2/11,75,67,59,58,54,49,90,69,42,30.21,30.17,30.12,10,9,5,18,9,23,0,2,,40
3/3/11,75,68,60,58,51,44,90,60,32,30.27,30.22,30.17,10,10,8,21,9,29,0,3,,71
3/4/11,71,63,55,63,58,52,94,82,59,30.3,30.26,30.22,10,8,2,22,9,34,0.24,5,Rain,72
3/5/11,78,68,59,60,57,55,90,72,48,30.24,30.15,30.06,10,10,10,21,8,24,0,3,,106
3/6/11,81,70,59,64,59,53,94,76,38,30.05,29.97,29.89,10,10,9,20,11,26,0,3,,214
3/7/11,70,60,51,55,49,44,94,76,44,30.17,30.07,29.98,10,10,10,16,7,,0,4,,3
3/8/11,79,65,51,60,54,48,100,77,39,30.23,30.17,30.11,10,7,0,16,6,24,0,2,Fog,69
3/9/11,82,71,60,64,60,57,94,73,49,30.2,30.15,30.09,10,9,2,22,10,32,0.41,4,Rain,113
3/10/11,69,62,54,60,55,39,94,79,44,30.15,30.08,29.99,10,9,2,16,7,23,0.69,6,Rain,239
3/11/11,64,54,45,42,35,27,73,51,24,30.25,30.19,30.12,10,10,10,16,9,23,0,0,,310
3/12/11,73,58,44,42,33,26,86,47,19,30.33,30.27,30.22,10,10,10,7,3,,0,0,,326
3/13/11,75,68,60,49,42,38,60,38,26,30.31,30.25,30.2,10,10,10,6,3,,0,0,,200
3/14/11,78,66,53,55,48,42,77,55,32,30.27,30.23,30.17,10,10,10,14,2,17,0,0,,191
3/15/11,79,68,57,55,53,49,90,62,37,30.28,30.23,30.17,10,10,10,9,4,17,0,1,,172
3/16/11,82,69,57,60,55,50,90,62,35,30.27,30.23,30.17,10,10,10,12,3,,0,1,,256
3/17/11,82,70,57,62,59,55,93,72,42,30.32,30.26,30.22,10,10,8,14,5,,0,0,,42
3/18/11,84,70,57,62,55,43,100,68,24,30.31,30.26,30.2,10,8,2,12,2,,0.01,0,,94
3/19/11,86,73,60,59,52,45,83,54,24,30.27,30.22,30.17,10,10,10,9,4,,0,0,,307
3/20/11,82,72,62,63,59,51,78,66,47,30.35,30.29,30.23,10,10,10,18,6,25,0,3,,53
3/21/11,82,72,62,61,58,55,90,68,42,30.35,30.3,30.23,10,10,10,13,7,18,0,1,,83
3/22/11,84,71,60,59,56,52,90,59,36,30.24,30.14,30.05,10,10,8,9,4,,0,0,,201
3/23/11,86,73,62,63,57,44,100,70,26,30.09,30.01,29.91,10,8,1,18,5,22,0,2,,258
3/24/11,87,75,64,66,61,53,94,69,32,29.97,29.93,29.87,10,9,7,24,13,32,0,3,,258
3/25/11,84,73,64,64,49,30,90,50,15,30.01,29.96,29.92,10,10,9,13,9,18,0,0,,305
3/26/11,86,70,57,61,53,42,75,52,37,30,29.95,29.89,10,10,10,12,2,,0,2,,213
3/27/11,91,78,64,65,58,53,93,56,29,29.96,29.91,29.85,10,10,10,16,7,21,0,1,,228
3/28/11,75,70,64,70,65,63,100,89,64,30.04,29.97,29.88,10,8,2,18,8,23,1.38,6,Rain,201
3/29/11,80,71,63,67,64,63,100,80,58,30.12,30.05,30,10,10,2,10,4,,0,4,,45
3/30/11,84,74,66,70,65,59,97,84,61,30.06,29.92,29.75,10,8,2,48,10,75,0.2,5,Rain,174
3/31/11,69,66,64,66,64,61,100,93,81,29.88,29.75,29.68,10,5,0,23,9,51,3.94,7,Fog-Rain-Thunderstorm,229
4/1/11,78,70,62,65,53,40,96,63,25,29.99,29.85,29.75,10,10,9,17,10,24,0,2,,281
4/2/11,82,70,57,57,53,49,84,56,32,30.08,30.02,29.98,10,10,10,14,7,17,0,0,,271
4/3/11,82,72,61,61,56,49,97,60,31,30.19,30.13,30.09,10,10,5,13,6,17,0,0,,74
4/4/11,88,75,63,67,62,60,97,71,40,30.13,30.05,29.96,10,10,5,20,8,23,0,0,,158
4/5/11,75,68,59,70,62,45,94,81,60,30.09,29.94,29.88,10,9,1,23,13,40,0.37,5,Rain-Thunderstorm,243
4/6/11,75,64,54,55,48,39,81,55,40,30.25,30.17,30.1,10,10,10,17,8,17,0,0,,67
4/7/11,84,70,59,65,60,55,90,72,47,30.18,30.12,30.05,10,10,10,15,3,,0,3,,134
4/8/11,89,78,66,68,65,60,93,69,39,30.17,30.11,30.06,10,10,10,10,5,,0,2,,169
4/9/11,89,79,69,66,62,57,87,61,35,30.17,30.12,30.08,10,10,9,8,5,,0,0,,245
4/10/11,91,80,69,66,62,58,81,58,34,30.18,30.12,30.06,10,10,10,8,4,,0,1,,293
4/11/11,90,80,69,67,63,60,84,58,39,30.11,30.05,29.99,10,10,10,10,3,,0,0,,222
4/12/11,89,80,71,71,66,58,94,73,39,30.01,29.95,29.91,10,8,1,18,9,33,0.14,2,Rain,248
4/13/11,82,73,64,61,53,42,87,54,24,30.05,30,29.96,10,10,9,10,6,21,0,0,,317